"","level.1","level.2","level.3","level.4","level.5","level.6","level.7"
"R-P27795",1,1,1,1,1,1,1
"R-P27796",2,3,8,8,8,8,8
"R-P27797",1,1,1,1,1,1,1
"R-P27793",3,5,11,11,11,11,11
"R-P27794",3,6,13,15,18,21,22
"R-P27798",3,6,13,16,19,22,23
"R-P27791",3,5,11,11,11,11,11
"R-P27792",3,5,11,12,12,12,12
"U-P14077",3,5,12,13,14,16,17
"Q-P12813",3,6,14,17,20,23,24
"U-P14066",1,2,3,3,3,3,3
"Q-P12821",1,2,3,3,3,3,3
"Q-P12855",3,7,16,21,24,27,28
"Q-P12036",1,2,4,4,4,4,4
"Q-P12838",1,2,5,5,5,5,5
"Q-P12820",1,2,6,6,6,6,6
"Q-P12029",3,6,15,19,22,25,26
"U-P14058",3,6,14,17,20,23,24
"Q-P12834",4,8,18,23,26,29,30
"Q-P12876",1,1,2,2,2,2,2
"Q-P12030",1,2,6,6,6,6,6
"Q-P12907",3,5,12,14,16,18,19
"Q-P12826",4,8,18,23,26,29,30
"Q-P12804",3,6,14,17,20,23,24
"Q-P12803",3,6,14,17,20,23,24
"Q-P12832",4,8,18,23,26,29,30
"U-P14061",3,5,12,14,17,19,20
"U-P14068",3,5,12,14,17,19,20
"Q-P12886",3,5,12,13,14,16,17
"Q-P12905",3,5,12,14,16,18,19
"Q-P12887",3,6,14,17,20,23,24
"Q-P12819",1,2,6,6,6,6,6
"R-P27790",3,5,12,14,17,20,21
"Q-P12828",4,8,18,23,26,29,30
"Q-P12902",3,5,12,14,16,18,19
"U-P14067",3,5,12,14,17,19,20
"Q-P12830",3,5,12,14,17,19,20
"Q-P12904",3,5,12,14,16,18,19
"Q-P12863",3,6,14,17,20,23,24
"Q-P12900",3,5,12,14,16,18,19
"Q-P12818",3,6,14,17,20,23,24
"U-P14070",3,5,12,13,14,16,17
"Q-P12825",4,8,18,23,26,29,30
"Q-P12890",3,6,14,17,20,23,24
"Q-P12831",4,8,18,23,26,29,30
"Q-P12848",3,5,12,14,16,18,19
"Q-P12851",3,5,12,14,16,18,19
"Q-P12841",3,5,12,14,16,18,19
"Q-P12033",1,2,4,4,4,4,4
"Q-P12823",3,6,14,17,20,23,24
"Q-P12802",3,5,12,13,14,16,17
"Q-P12862",1,1,2,2,2,2,2
"Q-P12901",3,6,15,19,22,25,26
"Q-P12822",1,2,4,4,4,4,4
"Q-P12836",3,5,12,14,16,18,19
"Q-P12860",1,1,2,2,2,2,2
"Q-P12814",1,2,6,6,6,6,6
"Q-P12897",3,5,12,14,16,18,19
"U-P14084",3,6,14,17,20,23,24
"Q-P12833",3,5,12,14,16,18,19
"Q-P12811",1,2,6,6,6,6,6
"Q-P12858",3,5,12,14,16,18,19
"Q-P12885",3,5,12,14,17,20,21
"Q-P12850",3,6,14,17,20,23,24
"Q-P12808",1,2,4,4,4,4,4
"Q-P12856",3,5,12,14,16,18,19
"Q-P12827",4,8,18,23,26,29,30
"Q-P12816",3,6,15,19,22,25,26
"Q-P12906",3,5,12,14,16,18,19
"Q-P12898",3,5,12,14,17,20,21
"Q-P12875",1,2,4,4,4,4,4
"U-P14086",1,2,6,6,6,6,6
"Q-P12861",1,1,1,1,1,1,1
"Q-P12815",3,6,14,17,20,23,24
"Q-P12844",3,5,12,14,16,18,19
"Q-P12873",4,8,18,23,26,29,30
"U-P14060",3,5,12,14,17,20,21
"Q-P12807",3,6,14,17,20,23,24
"R-P27799",3,5,11,12,12,12,12
"Q-P12864",3,6,15,20,23,26,27
"U-P05732",3,5,12,14,17,20,21
"Q-P12896",3,5,12,14,16,18,19
"Q-P12884",3,5,12,14,17,20,21
"Q-P12854",3,7,17,22,25,28,29
"U-P14062",3,5,12,13,14,16,17
"Q-P12835",3,5,12,14,16,18,19
"Q-P12877",3,5,12,14,17,20,21
"U-P14075",1,1,1,1,1,1,1
"U-P14064",3,6,14,17,20,23,24
"Q-P12867",4,8,18,23,26,29,30
"Q-P12817",1,1,1,1,1,1,1
"Q-P12810",3,6,14,17,20,23,24
"U-P14079",1,1,1,1,1,1,1
"Q-P12829",4,8,18,23,26,29,30
"Q-P12805",3,6,14,17,20,23,24
"Q-P12908",3,5,12,14,16,18,19
"Q-P12868",1,2,6,6,6,6,6
"Q-P12892",3,5,12,14,16,18,19
"Q-P12845",3,5,12,13,14,16,17
"U-P14080",3,5,12,13,14,16,17
"U-P14074",3,5,11,11,11,11,11
"Q-P12888",1,1,1,1,1,1,1
"Q-P12891",3,6,15,19,22,25,26
"Q-P12881",1,1,1,1,1,1,1
"Q-P12871",3,5,12,14,17,20,21
"Q-P12837",1,2,6,6,6,6,6
"U-P14069",3,5,11,11,11,11,11
"Q-P12842",3,7,17,22,25,28,29
"Q-P12801",3,5,12,13,14,16,17
"U-P14082",3,7,17,22,25,28,29
"Q-P12889",3,5,11,11,11,11,11
"Q-P12031",3,5,12,13,14,16,17
"Q-P12880",3,5,11,11,11,11,11
"Q-P12840",3,5,12,14,16,18,19
"U-P14085",3,5,12,13,14,16,17
"Q-P12903",3,5,12,14,16,18,19
"Q-P12866",3,5,12,14,17,20,21
"Q-P12800",3,5,12,13,14,16,17
"Q-P12843",3,5,12,14,16,18,19
"Q-P12883",3,5,11,11,11,11,11
"U-P14087",3,5,11,11,11,11,11
"Q-P12824",1,1,1,1,1,1,1
"Q-P12849",3,5,11,11,11,11,11
"Q-P12870",1,1,1,1,1,1,1
"U-P14071",3,6,13,16,19,22,23
"Q-P12839",3,7,17,22,25,28,29
"Q-P12872",3,5,11,11,11,11,11
"U-P14059",3,6,13,16,19,22,23
"Q-P12857",3,7,17,22,25,28,29
"U-P14083",3,5,11,11,11,11,11
"Q-P12809",3,5,11,11,11,11,11
"Q-P12806",3,5,11,11,11,11,11
"U-P14072",1,1,1,1,1,1,1
"Q-P12847",3,5,11,11,11,11,11
"U-P05737",1,1,1,1,1,1,1
"Q-P12882",3,5,11,11,11,11,11
"U-P05736",3,7,17,22,25,28,29
"U-P14076",3,7,17,22,25,28,29
"Q-P12846",3,5,11,11,11,11,11
"Q-P12035",1,1,1,1,1,1,1
"Q-P12893",3,5,11,11,11,11,11
"Q-P12853",3,5,11,11,11,11,11
"U-P14073",3,5,11,11,11,11,11
"Q-P12895",3,5,11,11,11,11,11
"Q-P12874",4,8,18,23,26,29,30
"Q-P12879",1,1,1,1,1,1,1
"Q-P12878",1,1,1,1,1,1,1
"Q-P12865",3,5,11,11,11,11,11
"U-P14081",3,7,17,22,25,28,29
"Q-P12899",3,5,11,12,13,14,15
"U-P05734",1,1,1,1,1,1,1
"Q-P12869",3,5,11,12,12,13,13
"Q-P12812",3,5,11,12,12,13,13
"U-P14078",3,5,11,12,12,13,13
"U-P14063",3,5,11,12,13,14,15
"Q-P12852",3,7,17,22,25,28,29
"Q-P12034",3,5,11,12,12,13,13
"U-P05733",3,7,17,22,25,28,29
"Q-P12859",3,7,17,22,25,28,29
"Q-P12894",3,5,11,12,13,14,15
"U-P14065",3,5,11,12,13,14,15
"U-P05735",3,5,12,13,15,17,18
"Q-P12032",3,5,12,14,16,18,19
"R-P13161",2,3,8,8,8,8,8
"R-P13162",3,7,16,21,24,27,28
"R-P13163",3,5,11,11,11,11,11
"R-P13164",3,6,13,16,19,22,23
"R-P13165",3,5,11,11,11,11,11
"Q-P14081",3,5,11,12,12,13,13
"Q-P14082",3,7,17,22,25,28,29
"Q-P14083",3,5,12,14,16,18,19
"Q-P14084",3,5,12,14,16,18,19
"Q-P14085",3,5,12,13,14,16,17
"Q-P14086",3,7,17,22,25,28,29
"Q-P14087",3,5,12,14,16,18,19
"Q-P14088",3,7,17,22,25,28,29
"Q-P14089",3,5,11,11,11,11,11
"Q-P14090",4,8,18,23,26,29,30
"Q-P14091",3,5,11,11,11,11,11
"Q-P14092",3,5,12,14,16,18,19
"Q-P14093",3,7,17,22,25,28,29
"Q-P14094",3,7,17,22,25,28,29
"Q-P14095",4,8,18,23,26,29,30
"Q-P14096",3,7,17,22,25,28,29
"Q-P14097",3,5,11,11,11,11,11
"Q-P10617",3,5,11,11,11,11,11
"Q-P10618",1,1,1,1,1,1,1
"Q-P10619",3,5,12,14,16,18,19
"Q-P10620",1,1,1,1,1,1,1
"Q-P10621",3,7,17,22,25,28,29
"Q-P10622",3,5,11,11,11,11,11
"Q-P10623",3,5,11,11,11,11,11
"Q-P10624",3,5,11,12,12,13,14
"Q-P10625",3,5,12,14,17,20,21
"Q-P10626",4,8,18,23,26,29,30
"Q-P10627",3,6,15,20,23,26,27
"Q-P10628",3,7,17,22,25,28,29
"T-P14148",3,7,17,22,25,28,29
"T-P14149",3,7,17,22,25,28,29
"T-P14150",3,6,14,17,20,23,24
"T-P14151",4,8,18,23,26,29,30
"T-P14152",3,7,17,22,25,28,29
"T-P14153",3,5,12,13,14,16,17
"T-P14154",3,5,12,14,17,20,21
"T-P14155",4,8,18,23,26,29,30
"T-P14156",3,5,11,11,11,11,11
"T-P14157",3,7,17,22,25,28,29
"T-P14158",1,1,2,2,2,2,2
"T-P14159",3,7,17,22,25,28,29
"T-P14160",3,7,17,22,25,28,29
"T-P14161",3,7,17,22,25,28,29
"T-P14162",3,7,17,22,25,28,29
"T-P14163",3,7,17,22,25,28,29
"T-P14164",3,5,12,13,15,17,18
"U-P08232",3,7,17,22,25,28,29
"U-P08233",3,7,17,22,25,28,29
"U-P08234",3,7,17,22,25,28,29
"U-P08235",2,4,9,9,9,9,9
"U-P08236",3,7,16,21,24,27,28
"U-P08237",2,3,8,8,8,8,8
"U-P08238",2,3,8,8,8,8,8
"U-P08239",2,3,8,8,8,8,8
"U-P08240",2,3,8,8,8,8,8
"U-P08241",3,7,17,22,25,28,29
"U-P08242",2,4,10,10,10,10,10
"U-P08243",1,2,5,5,5,5,5
"U-P08244",3,6,14,17,20,23,24
"U-P08245",3,7,17,22,25,28,29
"U-P08246",3,7,17,22,25,28,29
"U-P08247",1,2,3,3,3,3,3
"U-P08248",3,7,17,22,25,28,29
"U-P08249",3,6,14,17,20,23,24
"T-P33431",3,6,13,15,18,21,22
"T-P33432",3,7,17,22,25,28,29
"T-P33433",3,7,17,22,25,28,29
"T-P33434",3,7,17,22,25,28,29
"T-P33435",3,7,17,22,25,28,29
"T-P33436",3,7,17,22,25,28,29
"T-P33437",3,5,12,13,15,17,18
"T-P33438",3,5,11,12,12,13,14
"T-P33444",3,5,12,14,17,20,21
"T-P33445",1,1,1,1,1,1,1
"T-P33446",3,5,11,11,11,11,11
"T-P33447",1,1,1,1,1,1,1
"T-P33448",3,5,11,11,11,11,11
"T-P33449",1,2,6,6,6,6,6
"T-P33450",3,5,11,11,11,11,11
"T-P33451",3,5,11,12,13,15,16
"T-P33452",3,7,17,22,25,28,29
"T-P33453",3,5,11,12,13,15,16
"T-P33454",1,2,7,7,7,7,7
"T-P33455",1,2,7,7,7,7,7
"T-P33456",3,5,11,12,13,14,15
"T-P33457",3,7,17,22,25,28,29
"T-P33458",1,1,1,1,1,1,1
"T-P33459",3,6,13,15,18,21,22
"T-P33460",3,5,12,13,14,16,17
"U-P13820",3,5,12,13,14,16,17
"U-P13821",3,5,11,12,13,14,15
"U-P13822",3,5,11,12,13,14,15
"U-P13823",3,5,11,12,13,14,15
"U-P13824",3,7,17,22,25,28,29
"S-P21650",2,3,8,8,8,8,8
"S-P21651",2,3,8,8,8,8,8
"S-P21652",2,3,8,8,8,8,8
"S-P21653",2,4,9,9,9,9,9
"T-P19063",3,7,17,22,25,28,29
"T-P19064",3,5,11,12,13,14,15
"T-P19065",3,5,11,12,13,14,15
"R-P08326",1,1,2,2,2,2,2
"R-P08327",3,5,12,14,17,20,21
"R-P08328",4,8,18,23,26,29,30
"R-P08329",1,1,2,2,2,2,2
"R-P08330",3,5,11,12,12,13,13
"R-P08331",4,8,18,23,26,29,30
"R-P08332",3,5,11,11,11,11,11
"R-P08333",4,8,18,23,26,29,30
"R-P08334",4,8,18,23,26,29,30
"R-P08335",4,8,18,23,26,29,30
"R-P06399",3,7,17,22,25,28,29
"R-P06400",2,4,9,9,9,9,9
"R-P06401",3,5,11,12,13,14,15
"R-P06402",3,5,11,12,13,14,15
"R-P06403",2,3,8,8,8,8,8
"R-P06404",3,7,17,22,25,28,29
"R-P06405",3,5,11,11,11,11,11
"R-P06406",4,8,18,23,26,29,30
"R-P06407",4,8,18,23,26,29,30
"R-P06408",1,2,5,5,5,5,5
"R-P06409",2,3,8,8,8,8,8
"R-P06410",3,5,11,12,12,12,12
"R-P06411",3,6,15,19,22,25,26
"R-P06412",4,8,18,23,26,29,30
"R-P06413",4,8,18,23,26,29,30
"R-P08906",3,6,15,19,22,25,26
"R-P08907",3,5,12,13,15,17,18
"R-P08908",3,6,13,15,18,21,22
"R-P08909",3,6,13,15,18,21,22
"T-P36472",3,6,13,15,18,21,22
"T-P36473",3,6,13,15,18,21,22
"T-P36474",3,6,15,19,22,25,26
"T-P36475",4,8,18,23,26,29,30
"T-P36476",3,6,13,15,18,21,22
"T-P36477",3,5,11,11,11,11,11
"T-P36478",4,8,18,23,26,29,30
"T-P36479",4,8,18,23,26,29,30
"T-P36480",4,8,18,23,26,29,30
"T-P36481",4,8,18,23,26,29,30
"T-P36482",4,8,18,23,26,29,30
"S-P21612",3,6,13,15,18,21,22
"S-P21613",3,6,13,15,18,21,22
"S-P21614",2,4,9,9,9,9,9
"S-P21615",3,7,16,21,24,27,28
"U-P01031",3,5,11,12,12,12,12
"U-P01032",1,1,1,1,1,1,1
"U-P01033",1,1,1,1,1,1,1
"U-P01034",4,8,18,23,26,29,30
"U-P01035",3,6,13,15,18,21,22
"U-P01036",3,5,11,11,11,11,11
"Q-P08902",3,5,11,11,11,11,11
"Q-P08903",3,6,13,15,18,21,22
"Q-P08904",4,8,18,23,26,29,30
"Q-P08905",4,8,18,23,26,29,30
"Q-P08906",4,8,18,23,26,29,30
"Q-P08907",3,6,13,15,18,21,22
"Q-P08908",4,8,18,23,26,29,30
"Q-P08909",3,6,13,15,18,21,22
"S-P24008",3,5,11,11,11,11,11
"S-P24009",3,6,15,20,23,26,27
"S-P24010",3,6,15,19,22,25,26
"S-P24011",3,6,15,20,23,26,27
"S-P24012",3,5,11,12,12,12,12
"S-P24013",3,5,11,12,13,15,16
"S-P24014",3,6,13,15,18,21,22
"S-P24015",3,6,15,20,23,26,27
"T-P09595",3,5,12,13,14,16,17
"T-P09596",3,6,13,16,19,22,23
"T-P09597",3,5,11,11,11,11,11
"T-P09598",3,5,11,11,11,11,11
"T-P09599",3,5,11,11,11,11,11
"T-P09600",3,6,13,16,19,22,23
"T-P09601",3,5,12,13,14,16,17
"T-P09602",3,5,11,12,12,13,13
"T-P09603",3,5,11,12,12,13,13
"T-P09604",3,5,12,13,15,17,18
"T-P09605",3,5,12,13,14,16,17
"U-P06999",3,5,12,14,17,19,20
"U-P07000",3,5,11,12,13,14,15
"U-P07001",3,5,12,14,17,20,21
"U-P07002",3,7,17,22,25,28,29
"U-P07003",3,7,17,22,25,28,29
"U-P07004",3,7,17,22,25,28,29
"U-P07005",3,7,17,22,25,28,29
"U-P07006",3,7,17,22,25,28,29
"T-P24796",3,5,11,11,11,11,11
"T-P24797",3,5,12,14,17,20,21
"R-P10069",3,5,11,11,11,11,11
"R-P10070",3,7,17,22,25,28,29
"R-P10071",3,7,17,22,25,28,29
"R-P10072",3,7,17,22,25,28,29
"T-P18363",2,3,8,8,8,8,8
"T-P18364",4,8,18,23,26,29,30
"T-P18365",2,3,8,8,8,8,8
"T-P18366",3,5,12,14,17,20,21
"T-P18367",3,5,11,11,11,11,11
"T-P18368",3,7,17,22,25,28,29
"T-P18369",1,2,5,5,5,5,5
"T-P18370",3,5,12,13,15,17,18
"T-P18371",3,5,11,11,11,11,11
"T-P18372",3,7,17,22,25,28,29
"T-P18373",3,5,12,14,17,20,21
"T-P18374",3,5,11,11,11,11,11
"T-P18375",3,5,11,12,12,13,13
"T-P18376",3,5,11,11,11,11,11
"T-P18377",3,5,11,11,11,11,11
"T-P18378",3,7,16,21,24,27,28
"Q-P14802",1,1,1,1,1,1,1
"Q-P14803",3,5,11,12,13,14,15
"Q-P14804",3,5,11,12,12,13,14
"Q-P14805",3,6,14,18,21,24,25
"Q-P14806",3,5,11,12,12,13,13
"Q-P14807",3,5,11,11,11,11,11
"Q-P14808",3,5,12,13,15,17,18
"Q-P14809",3,6,13,15,18,21,22
"Q-P14810",3,5,11,12,12,13,14
"Q-P14811",3,6,13,15,18,21,22
"Q-P14812",1,1,1,1,1,1,1
"Q-P14813",2,3,8,8,8,8,8
"T-P22796",4,8,18,23,26,29,30
"T-P22797",4,8,18,23,26,29,30
"T-P22798",4,8,18,23,26,29,30
"T-P22799",3,5,11,11,11,11,11
"T-P22800",4,8,18,23,26,29,30
"T-P22801",4,8,18,23,26,29,30
"T-P22802",4,8,18,23,26,29,30
"T-P22803",4,8,18,23,26,29,30
"T-P22804",4,8,18,23,26,29,30
"T-P22805",4,8,18,23,26,29,30
"T-P22806",4,8,18,23,26,29,30
"T-P22807",3,5,11,11,11,11,11
"T-P22808",4,8,18,23,26,29,30
"T-P14106",4,8,18,23,26,29,30
"T-P14107",3,6,13,15,18,21,22
"T-P14108",4,8,18,23,26,29,30
"T-P14109",3,7,16,21,24,27,28
"T-P14110",3,5,11,11,11,11,11
"T-P14111",4,8,18,23,26,29,30
"T-P14112",3,5,11,11,11,11,11
"T-P14113",3,6,14,17,20,23,24
"T-P14114",4,8,18,23,26,29,30
"T-P14115",3,5,11,11,11,11,11
"T-P14116",4,8,18,23,26,29,30
"T-P14117",3,5,11,12,12,13,13
"T-P14118",3,5,11,11,11,11,11
"T-P14119",4,8,18,23,26,29,30
"T-P14120",4,8,18,23,26,29,30
"T-P14121",4,8,18,23,26,29,30
"R-P18798",3,7,17,22,25,28,29
"R-P18799",4,8,18,23,26,29,30
"R-P18800",2,4,9,9,9,9,9
"R-P18801",2,3,8,8,8,8,8
"R-P05899",2,4,9,9,9,9,9
"R-P05900",2,4,10,10,10,10,10
"R-P05901",2,4,9,9,9,9,9
"R-P05902",2,4,9,9,9,9,9
"U-P04865",4,8,18,23,26,29,30
"U-P04866",4,8,18,23,26,29,30
"U-P04867",4,8,18,23,26,29,30
"U-P04868",4,8,18,23,26,29,30
"U-P04869",4,8,18,23,26,29,30
"U-P04870",4,8,18,23,26,29,30
"U-P04871",4,8,18,23,26,29,30
"U-P04872",4,8,18,23,26,29,30
"U-P04873",4,8,18,23,26,29,30
"U-P04874",3,6,14,17,20,23,24
"T-P31666",1,1,1,1,1,1,1
"T-P31667",3,5,11,11,11,11,11
"T-P31668",3,5,11,11,11,11,11
"T-P31669",1,1,2,2,2,2,2
"T-P31670",3,6,15,19,22,25,26
"T-P31671",3,6,13,15,18,21,22
"T-P31672",3,5,11,11,11,11,11
"T-P31673",3,6,14,17,20,23,24
"T-P31674",1,1,1,1,1,1,1
"T-P31675",3,6,14,18,21,24,25
"U-P01037",3,6,15,19,22,25,26
"U-P01038",3,5,11,12,12,12,12
"U-P01039",3,6,13,15,18,21,22
"U-P01040",3,5,11,11,11,11,11
"U-P01041",3,5,11,12,13,15,16
"Q-P10601",3,7,17,22,25,28,29
"Q-P10602",3,7,17,22,25,28,29
"Q-P10603",1,1,1,1,1,1,1
"Q-P10604",3,5,11,11,11,11,11
"Q-P10605",1,2,6,6,6,6,6
"Q-P10606",3,5,11,11,11,11,11
"Q-P10607",1,2,6,6,6,6,6
"Q-P10608",3,7,17,22,25,28,29
"Q-P10609",1,1,2,2,2,2,2
"Q-P10610",1,1,2,2,2,2,2
"Q-P10611",3,5,12,14,17,20,21
"Q-P10612",4,8,18,23,26,29,30
"Q-P10613",1,1,2,2,2,2,2
"Q-P10614",3,5,11,12,12,13,13
"Q-P10615",4,8,18,23,26,29,30
"Q-P10616",3,5,12,13,15,17,18
"U-P08221",3,7,17,22,25,28,29
"U-P08222",2,4,10,10,10,10,10
"U-P08223",3,5,11,12,13,14,15
"U-P08224",3,7,17,22,25,28,29
"U-P08225",1,1,1,1,1,1,1
"U-P08226",3,7,17,22,25,28,29
"U-P08227",3,7,17,22,25,28,29
"U-P08228",1,2,5,5,5,5,5
"U-P08229",3,7,17,22,25,28,29
"U-P08230",4,8,18,23,26,29,30
"U-P08231",1,1,2,2,2,2,2
"R-P09979",1,1,1,1,1,1,1
"R-P09980",3,5,11,12,13,15,16
"R-P09981",3,7,17,22,25,28,29
"R-P09982",2,4,10,10,10,10,10
"R-P09983",1,2,5,5,5,5,5
"R-P09984",3,7,16,21,24,27,28
"R-P09985",3,5,11,11,11,11,11
"R-P09986",3,7,17,22,25,28,29
"R-P09987",3,6,13,15,18,21,22
"R-P09988",3,5,11,11,11,11,11
"R-P09989",3,5,11,11,11,11,11
"R-P09990",3,6,13,15,18,21,22
"R-P09991",3,5,11,12,13,14,15
"R-P09992",3,5,12,13,15,17,18
"R-P09993",3,5,11,12,12,13,14
"R-P09994",3,7,17,22,25,28,29
"R-P09995",3,5,12,14,16,18,19
"R-P09996",3,5,12,13,15,17,18
"R-P09997",3,5,11,11,11,11,11
"R-P09998",2,3,8,8,8,8,8
"R-P09999",2,3,8,8,8,8,8
"R-P10000",3,5,11,12,12,13,13
"R-P10001",3,5,11,11,11,11,11
"R-P10002",3,5,12,14,17,20,21
"R-P10003",3,5,12,13,15,17,18
"R-P10004",3,5,11,11,11,11,11
"R-P10005",3,5,11,11,11,11,11
"R-P10006",1,1,1,1,1,1,1
"R-P10007",3,5,11,12,12,13,13
"R-P10008",3,5,11,11,11,11,11
"R-P10009",3,5,11,12,13,14,15
"T-P22488",3,6,13,15,18,21,22
"T-P22489",3,6,13,16,19,22,23
"T-P22490",3,5,11,12,13,14,15
"T-P22491",3,5,12,13,15,17,18
"T-P22492",3,5,12,13,14,16,17
"T-P22493",3,5,12,13,14,16,17
"T-P14310",4,8,18,23,26,29,30
"T-P14311",3,7,17,22,25,28,29
"T-P14312",1,1,1,1,1,1,1
"T-P14313",3,7,17,22,25,28,29
"T-P14314",1,2,5,5,5,5,5
"T-P14315",1,1,1,1,1,1,1
"T-P14316",1,2,4,4,4,4,4
"T-P14317",1,1,1,1,1,1,1
"T-P14318",3,7,17,22,25,28,29
"T-P14319",3,7,17,22,25,28,29
"T-P14320",3,7,17,22,25,28,29
"T-P14321",2,3,8,8,8,8,8
"T-P14322",3,7,17,22,25,28,29
"T-P14323",3,7,17,22,25,28,29
"T-P14324",3,7,17,22,25,28,29
"T-P14325",4,8,18,23,26,29,30
"Q-P14587",3,5,11,11,11,11,11
"Q-P14588",1,1,1,1,1,1,1
"Q-P14589",3,5,12,14,17,20,21
"Q-P14590",4,8,18,23,26,29,30
"R-P03891",3,5,12,14,17,19,20
"R-P03892",3,5,12,14,17,20,21
"R-P03893",1,1,1,1,1,1,1
"R-P03894",1,1,1,1,1,1,1
"R-P03895",3,5,12,14,17,20,21
"R-P03896",1,2,3,3,3,3,3
"R-P03897",4,8,18,23,26,29,30
"R-P03898",1,1,1,1,1,1,1
"R-P03899",1,1,1,1,1,1,1
"R-P03900",4,8,18,23,26,29,30
"R-P03901",3,6,13,16,19,22,23
"R-P03902",4,8,18,23,26,29,30
"R-P03903",4,8,18,23,26,29,30
"R-P03904",1,1,1,1,1,1,1
"R-P03905",1,1,1,1,1,1,1
"R-P03906",1,1,1,1,1,1,1
"T-P10261",3,7,17,22,25,28,29
"T-P10262",3,7,17,22,25,28,29
"T-P10263",2,3,8,8,8,8,8
"T-P10264",3,7,17,22,25,28,29
"T-P10265",4,8,18,23,26,29,30
"T-P10266",3,7,17,22,25,28,29
"S-P25483",3,5,11,11,11,11,11
"S-P25484",4,8,18,23,26,29,30
"S-P25485",4,8,18,23,26,29,30
"S-P25486",1,1,1,1,1,1,1
"S-P25487",1,2,4,4,4,4,4
"S-P25488",3,7,17,22,25,28,29
"T-P15128",3,7,17,22,25,28,29
"T-P15129",3,7,17,22,25,28,29
"T-P15130",3,7,17,22,25,28,29
"Q-P11220",3,7,17,22,25,28,29
"Q-P11221",3,7,17,22,25,28,29
"Q-P11222",1,2,5,5,5,5,5
"Q-P11223",3,7,17,22,25,28,29
"S-P00676",3,5,11,11,11,11,11
"S-P00677",4,8,18,23,26,29,30
"S-P00678",4,8,18,23,26,29,30
"S-P00679",3,5,12,13,14,16,17
"S-P00680",4,8,18,23,26,29,30
"S-P00681",3,5,12,13,14,16,17
"S-P00682",3,5,11,11,11,11,11
"S-P00683",3,7,17,22,25,28,29
"S-P00684",3,6,14,17,20,23,24
"S-P00685",1,2,3,3,3,3,3
"S-P00686",3,7,17,22,25,28,29
"S-P00687",3,7,17,22,25,28,29
"S-P00688",1,1,1,1,1,1,1
"S-P00689",1,1,1,1,1,1,1
"S-P00690",1,2,3,3,3,3,3
"S-P00691",3,5,11,11,11,11,11
"S-P00692",3,7,17,22,25,28,29
"S-P00693",4,8,18,23,26,29,30
"S-P00694",3,7,17,22,25,28,29
"S-P00695",3,5,12,13,15,17,18
"T-P26835",1,2,4,4,4,4,4
"R-P06353",4,8,18,23,26,29,30
"R-P06354",1,1,2,2,2,2,2
"R-P06355",3,5,12,13,15,17,18
"R-P06356",4,8,18,23,26,29,30
"R-P06357",3,6,13,16,19,22,23
"R-P06358",3,5,12,13,14,16,17
"S-P00896",3,7,17,22,25,28,29
"S-P00897",3,7,17,22,25,28,29
"S-P00898",1,1,1,1,1,1,1
"S-P00899",3,7,17,22,25,28,29
"S-P03138",3,5,11,11,11,11,11
"S-P03139",3,5,11,11,11,11,11
"S-P03140",3,5,11,12,13,14,15
"S-P03141",4,8,18,23,26,29,30
"S-P03142",3,5,11,11,11,11,11
"S-P03143",3,5,11,11,11,11,11
"S-P03144",3,5,11,11,11,11,11
"S-P03145",3,5,12,13,14,16,17
"S-P03146",3,5,11,12,12,13,14
"S-P03147",3,5,11,11,11,11,11
"S-P03148",3,5,11,12,12,12,12
"S-P03149",3,5,11,11,11,11,11
"S-P03150",3,5,12,13,14,16,17
"S-P03151",3,5,11,11,11,11,11
"S-P03152",3,5,11,12,12,12,12
"S-P03153",3,5,11,11,11,11,11
"S-P03154",3,5,11,11,11,11,11
"S-P03155",3,5,11,11,11,11,11
"S-P03156",3,5,11,11,11,11,11
"S-P03157",3,5,11,11,11,11,11
"S-P03158",3,5,11,11,11,11,11
"S-P03159",3,5,11,11,11,11,11
"S-P03160",3,5,11,11,11,11,11
"S-P03161",3,5,11,11,11,11,11
"S-P03162",3,5,11,11,11,11,11
"S-P03163",3,5,11,11,11,11,11
"S-P03164",3,5,11,11,11,11,11
"S-P03165",1,1,1,1,1,1,1
"S-P03166",4,8,18,23,26,29,30
"S-P03167",4,8,18,23,26,29,30
"S-P03168",3,5,11,12,12,12,12
"S-P03169",3,5,11,11,11,11,11
"S-P03170",3,5,11,11,11,11,11
"S-P03171",3,5,11,12,12,12,12
"S-P03172",3,5,11,11,11,11,11
"S-P03173",3,5,11,11,11,11,11
"S-P03174",3,5,11,11,11,11,11
"S-P03175",1,1,1,1,1,1,1
"S-P03176",3,5,11,11,11,11,11
"S-P03177",1,1,1,1,1,1,1
"S-P03178",3,5,11,11,11,11,11
"S-P03179",3,5,11,11,11,11,11
"S-P03180",3,5,11,11,11,11,11
"S-P03181",1,1,1,1,1,1,1
"S-P03182",4,8,18,23,26,29,30
"S-P03183",3,7,17,22,25,28,29
"S-P03184",1,1,1,1,1,1,1
"R-P13372",4,8,18,23,26,29,30
"R-P13373",1,2,6,6,6,6,6
"R-P13374",2,3,8,8,8,8,8
"R-P13375",3,6,13,16,19,22,23
"R-P13376",2,3,8,8,8,8,8
"R-P13377",4,8,18,23,26,29,30
"T-P22646",1,1,1,1,1,1,1
"T-P22647",1,2,4,4,4,4,4
"T-P22648",3,5,12,13,14,16,17
"T-P22649",3,5,12,13,15,17,18
"T-P22650",3,6,15,19,22,25,26
"T-P22651",3,6,14,17,20,23,24
"T-P22652",2,4,10,10,10,10,10
"T-P22653",1,1,1,1,1,1,1
"T-P22654",1,1,1,1,1,1,1
"T-P22655",1,1,1,1,1,1,1
"T-P22656",1,1,1,1,1,1,1
"Q-P01119",3,5,12,13,15,17,18
"Q-P01120",3,5,11,11,11,11,11
"Q-P01121",1,1,1,1,1,1,1
"Q-P01122",3,5,11,11,11,11,11
"Q-P01123",3,5,11,11,11,11,11
"Q-P01124",3,5,11,11,11,11,11
"Q-P01125",3,5,11,12,12,13,13
"Q-P01126",3,5,11,11,11,11,11
"Q-P01127",3,5,11,12,12,13,14
"Q-P01128",1,2,3,3,3,3,3
"Q-P01129",3,5,11,11,11,11,11
"Q-P01130",3,5,11,11,11,11,11
"Q-P01131",3,5,11,12,12,13,13
"Q-P01132",3,5,11,11,11,11,11
"Q-P01133",3,5,11,11,11,11,11
"Q-P01134",4,8,18,23,26,29,30
"Q-P01135",3,6,14,17,20,23,24
"Q-P01136",4,8,18,23,26,29,30
"Q-P01137",3,5,11,11,11,11,11
"Q-P01138",3,5,11,11,11,11,11
"Q-P01139",4,8,18,23,26,29,30
"Q-P01140",3,5,11,11,11,11,11
"Q-P01141",3,5,11,12,12,13,13
"Q-P01142",4,8,18,23,26,29,30
"Q-P01143",4,8,18,23,26,29,30
"Q-P01144",4,8,18,23,26,29,30
"Q-P01145",4,8,18,23,26,29,30
"Q-P01146",3,5,11,11,11,11,11
"Q-P01147",3,5,11,11,11,11,11
"Q-P01148",4,8,18,23,26,29,30
"Q-P01149",3,5,11,12,12,13,13
"Q-P01150",3,5,11,12,12,12,12
"Q-P01151",3,5,11,12,12,13,14
"Q-P01152",3,6,13,15,18,21,22
"Q-P01153",3,5,11,12,12,13,14
"Q-P01154",1,2,3,3,3,3,3
"Q-P01155",3,6,14,18,21,24,25
"Q-P01156",2,3,8,8,8,8,8
"Q-P01157",1,1,1,1,1,1,1
"Q-P01158",1,1,1,1,1,1,1
"Q-P01159",1,1,1,1,1,1,1
"Q-P01160",1,1,1,1,1,1,1
"Q-P01161",3,6,14,18,21,24,25
"Q-P01162",3,5,11,12,12,12,12
"Q-P01163",3,5,11,12,12,12,12
"Q-P01164",1,1,1,1,1,1,1
"Q-P01165",4,8,18,23,26,29,30
"Q-P01166",4,8,18,23,26,29,30
"Q-P01167",4,8,18,23,26,29,30
"Q-P11153",3,7,17,22,25,28,29
"Q-P11154",4,8,18,23,26,29,30
"Q-P11155",4,8,18,23,26,29,30
"Q-P11156",4,8,18,23,26,29,30
"Q-P11157",3,7,17,22,25,28,29
"Q-P11158",3,5,12,13,14,16,17
"Q-P11159",3,7,17,22,25,28,29
"Q-P11160",3,7,17,22,25,28,29
"Q-P11161",3,7,17,22,25,28,29
"Q-P11162",3,7,17,22,25,28,29
"Q-P11163",3,7,17,22,25,28,29
"Q-P11164",3,5,11,11,11,11,11
"Q-P11165",1,2,5,5,5,5,5
"Q-P11166",3,7,17,22,25,28,29
"Q-P11167",3,7,17,22,25,28,29
"Q-P11168",3,7,17,22,25,28,29
"Q-P11169",3,7,17,22,25,28,29
"Q-P11170",3,7,17,22,25,28,29
"Q-P11171",3,7,17,22,25,28,29
"T-P14416",3,7,17,22,25,28,29
"T-P14417",3,7,17,22,25,28,29
"T-P14418",1,1,1,1,1,1,1
"T-P14419",2,4,9,9,9,9,9
"T-P14420",3,7,17,22,25,28,29
"T-P14421",1,1,1,1,1,1,1
"T-P14422",1,1,1,1,1,1,1
"T-P14423",4,8,18,23,26,29,30
"T-P14424",3,7,17,22,25,28,29
"Q-P11249",3,7,17,22,25,28,29
"Q-P11250",3,7,17,22,25,28,29
"Q-P11251",4,8,18,23,26,29,30
"R-P11236",4,8,18,23,26,29,30
"R-P11237",3,5,12,13,14,16,17
"R-P11238",3,7,17,22,25,28,29
"R-P11239",3,6,14,17,20,23,24
"R-P11240",3,5,12,13,15,17,18
"R-P11241",3,7,17,22,25,28,29
"S-P17095",1,1,1,1,1,1,1
"S-P17096",3,7,17,22,25,28,29
"S-P17097",3,5,12,13,15,17,18
"S-P17098",3,5,12,13,14,16,17
"Q-P11555",4,8,18,23,26,29,30
"Q-P11556",4,8,18,23,26,29,30
"Q-P11557",4,8,18,23,26,29,30
"Q-P11558",4,8,18,23,26,29,30
"Q-P11559",4,8,18,23,26,29,30
"Q-P11560",4,8,18,23,26,29,30
"Q-P11561",4,8,18,23,26,29,30
"R-P16921",3,5,11,11,11,11,11
"R-P16922",3,7,17,22,25,28,29
"R-P16923",3,5,12,13,15,17,18
"R-P16924",3,5,11,11,11,11,11
"R-P16925",3,6,13,16,19,22,23
"R-P16926",3,5,11,12,12,13,13
"R-P16927",3,7,17,22,25,28,29
"R-P16928",3,5,12,13,14,16,17
"R-P16929",3,5,11,11,11,11,11
"R-P16930",3,6,14,17,20,23,24
"R-P16931",3,5,11,11,11,11,11
"T-P18691",3,6,13,16,19,22,23
"T-P18692",3,7,17,22,25,28,29
"T-P18693",3,6,13,16,19,22,23
"T-P18694",3,5,12,13,14,16,17
"T-P18695",3,7,17,22,25,28,29
"T-P18696",3,7,17,22,25,28,29
"T-P18697",3,7,17,22,25,28,29
"T-P18698",3,7,17,22,25,28,29
"T-P18699",3,5,11,12,13,15,16
"T-P18700",3,5,11,12,12,13,14
"T-P18660",3,5,11,12,13,14,15
"T-P18661",4,8,18,23,26,29,30
"T-P18662",3,7,16,21,24,27,28
"T-P18663",3,7,17,22,25,28,29
"T-P18664",3,7,17,22,25,28,29
"T-P18665",3,5,11,12,13,14,15
"T-P18666",3,6,13,15,18,21,22
"T-P18667",4,8,18,23,26,29,30
"T-P18668",3,7,17,22,25,28,29
"T-P18669",3,5,11,11,11,11,11
"T-P18670",3,5,11,12,13,14,15
"T-P17337",1,1,1,1,1,1,1
"T-P17338",3,6,15,19,22,25,26
"T-P17339",1,1,1,1,1,1,1
"T-P17340",1,1,1,1,1,1,1
"T-P25843",3,5,12,13,15,17,18
"T-P25844",1,1,1,1,1,1,1
"T-P25845",3,5,11,12,13,14,15
"Q-P10782",4,8,18,23,26,29,30
"Q-P10783",3,5,11,11,11,11,11
"Q-P10784",4,8,18,23,26,29,30
"Q-P10785",4,8,18,23,26,29,30
"S-P30841",3,7,16,21,24,27,28
"S-P30842",2,3,8,8,8,8,8
"S-P30843",3,7,17,22,25,28,29
"S-P30844",2,3,8,8,8,8,8
"S-P30845",3,7,16,21,24,27,28
"S-P30846",2,4,9,9,9,9,9
"Q-P13607",3,6,13,16,19,22,23
"Q-P13608",3,6,13,16,19,22,23
"Q-P13609",3,6,13,16,19,22,23
"Q-P13610",3,6,13,15,18,21,22
"Q-P13611",3,6,13,16,19,22,23
"Q-P13612",1,1,1,1,1,1,1
"Q-P13613",2,3,8,8,8,8,8
"Q-P13614",3,5,12,13,14,16,17
"Q-P13615",3,5,11,11,11,11,11
"Q-P13616",3,5,11,11,11,11,11
"Q-P11501",3,5,11,11,11,11,11
"T-P06119",4,8,18,23,26,29,30
"T-P06120",4,8,18,23,26,29,30
"T-P06121",4,8,18,23,26,29,30
"T-P06122",4,8,18,23,26,29,30
"T-P06123",4,8,18,23,26,29,30
"T-P06124",4,8,18,23,26,29,30
"T-P06125",4,8,18,23,26,29,30
"T-P06126",4,8,18,23,26,29,30
"S-P33493",3,7,17,22,25,28,29
"S-P33494",1,1,1,1,1,1,1
"S-P33495",2,3,8,8,8,8,8
"S-P33496",4,8,18,23,26,29,30
"S-P33497",3,5,12,13,15,17,18
"S-P33498",2,3,8,8,8,8,8
"S-P33499",3,5,12,13,15,17,18
"S-P33500",4,8,18,23,26,29,30
"S-P33501",3,5,12,14,16,18,19
"S-P33502",2,4,10,10,10,10,10
"S-P33503",3,6,13,16,19,22,23
"S-P33504",4,8,18,23,26,29,30
"S-P33505",1,1,1,1,1,1,1
"S-P33506",4,8,18,23,26,29,30
"S-P33507",3,5,11,11,11,11,11
"Q-P13748",3,6,14,18,21,24,25
"Q-P13749",3,6,15,19,22,25,26
"Q-P13750",3,6,14,18,21,24,25
"Q-P13751",3,6,14,18,21,24,25
"Q-P13752",3,6,13,15,18,21,22
"Q-P13753",3,6,15,19,22,25,26
"Q-P13754",3,6,14,18,21,24,25
"Q-P13755",3,6,15,19,22,25,26
"Q-P13756",3,6,13,15,18,21,22
"Q-P13757",3,6,14,18,21,24,25
"Q-P13758",3,6,14,18,21,24,25
"Q-P13838",2,4,10,10,10,10,10
"Q-P13839",3,5,12,13,14,16,17
"Q-P13840",3,6,15,19,22,25,26
"Q-P13841",1,2,4,4,4,4,4
"Q-P13842",3,6,14,18,21,24,25
"Q-P13843",3,6,13,16,19,22,23
"Q-P13844",3,6,14,17,20,23,24
"Q-P13845",1,2,4,4,4,4,4
"Q-P13846",3,6,14,17,20,23,24
"Q-P13847",3,5,11,11,11,11,11
"Q-P13848",1,2,4,4,4,4,4
"Q-P09411",4,8,18,23,26,29,30
"Q-P08688",3,6,15,19,22,25,26
"Q-P08689",3,5,11,11,11,11,11
"T-P14166",3,7,17,22,25,28,29
"T-P21764",3,5,11,12,12,13,14
"T-P21765",3,5,11,11,11,11,11
"T-P21766",3,5,11,11,11,11,11
"T-P21767",3,5,11,12,12,13,14
"T-P21768",3,6,13,15,18,21,22
"T-P21769",3,6,13,15,18,21,22
"T-P21770",3,5,11,12,12,13,14
"T-P21771",3,5,11,12,12,13,14
"T-P21772",3,5,11,11,11,11,11
"T-P21773",3,5,11,11,11,11,11
"T-P21774",3,6,15,19,22,25,26
"T-P21775",4,8,18,23,26,29,30
"T-P21776",4,8,18,23,26,29,30
"Q-P09436",4,8,18,23,26,29,30
"Q-P09437",4,8,18,23,26,29,30
"Q-P09438",4,8,18,23,26,29,30
"Q-P09439",4,8,18,23,26,29,30
"Q-P09440",4,8,18,23,26,29,30
"Q-P09441",4,8,18,23,26,29,30
"Q-P09442",3,7,17,22,25,28,29
"Q-P09443",3,5,11,11,11,11,11
"Q-P09444",4,8,18,23,26,29,30
"T-P23788",3,5,12,13,15,17,18
"T-P23789",3,7,17,22,25,28,29
"T-P23790",3,7,16,21,24,27,28
"T-P23791",3,7,17,22,25,28,29
"T-P23792",2,3,8,8,8,8,8
"T-P23793",2,3,8,8,8,8,8
"T-P23794",3,7,17,22,25,28,29
"T-P23795",2,4,9,9,9,9,9
"T-P23796",2,3,8,8,8,8,8
"T-P23797",3,5,11,12,13,14,15
"T-P23798",3,5,12,13,15,17,18
"T-P23799",2,3,8,8,8,8,8
"T-P23800",3,7,16,21,24,27,28
"T-P23801",2,3,8,8,8,8,8
"Q-P09394",1,1,1,1,1,1,1
"Q-P09395",1,1,1,1,1,1,1
"Q-P09396",3,5,11,12,12,12,12
"Q-P09397",3,5,12,14,16,18,19
"Q-P09398",3,5,12,14,16,18,19
"Q-P09399",3,5,11,12,12,12,12
"Q-P09400",3,5,12,14,16,18,19
"Q-P09401",3,5,12,14,16,18,19
"Q-P09402",4,8,18,23,26,29,30
"Q-P09403",4,8,18,23,26,29,30
"Q-P09404",4,8,18,23,26,29,30
"Q-P09405",4,8,18,23,26,29,30
"Q-P09406",4,8,18,23,26,29,30
"Q-P09407",4,8,18,23,26,29,30
"Q-P09408",4,8,18,23,26,29,30
"Q-P09409",4,8,18,23,26,29,30
"Q-P09410",4,8,18,23,26,29,30
"Q-P09412",4,8,18,23,26,29,30
"Q-P09413",3,5,12,14,16,18,19
"Q-P09414",4,8,18,23,26,29,30
"Q-P09415",4,8,18,23,26,29,30
"Q-P09416",4,8,18,23,26,29,30
"Q-P09417",4,8,18,23,26,29,30
"Q-P09418",4,8,18,23,26,29,30
"Q-P09419",4,8,18,23,26,29,30
"Q-P09420",4,8,18,23,26,29,30
"Q-P09421",3,7,17,22,25,28,29
"Q-P09422",4,8,18,23,26,29,30
"Q-P09423",4,8,18,23,26,29,30
"Q-P09424",4,8,18,23,26,29,30
"S-P14390",1,1,2,2,2,2,2
"S-P14391",1,1,2,2,2,2,2
"S-P14392",2,3,8,8,8,8,8
"S-P14393",1,1,2,2,2,2,2
"S-P14394",1,1,2,2,2,2,2
"S-P14395",3,7,17,22,25,28,29
"S-P14396",3,7,17,22,25,28,29
"S-P14397",2,3,8,8,8,8,8
"S-P14398",3,5,11,12,12,12,12
"S-P14399",3,7,17,22,25,28,29
"S-P14400",3,7,17,22,25,28,29
"S-P14401",3,7,17,22,25,28,29
"S-P14402",3,7,17,22,25,28,29
"S-P14403",3,7,17,22,25,28,29
"S-P14404",3,5,12,13,14,16,17
"S-P14405",3,7,17,22,25,28,29
"S-P14419",1,1,2,2,2,2,2
"S-P14420",1,1,2,2,2,2,2
"S-P14421",1,1,2,2,2,2,2
"S-P14422",3,5,12,13,14,16,17
"S-P14423",2,3,8,8,8,8,8
"S-P14424",3,5,12,13,15,17,18
"S-P14425",3,7,17,22,25,28,29
"S-P14426",3,5,12,13,14,16,17
"S-P14427",3,5,12,13,15,17,18
"S-P14428",3,5,12,14,17,20,21
"S-P14429",3,5,12,13,15,17,18
"S-P14430",3,5,12,14,17,20,21
"S-P14431",3,5,12,14,17,20,21
"S-P14406",3,5,12,13,15,17,18
"S-P14407",3,5,12,14,16,18,19
"S-P14408",3,5,12,14,16,18,19
"T-P22669",2,3,8,8,8,8,8
"T-P22670",2,3,8,8,8,8,8
"T-P22671",2,3,8,8,8,8,8
"T-P22672",2,3,8,8,8,8,8
"R-P21920",2,3,8,8,8,8,8
"R-P21921",2,3,8,8,8,8,8
"R-P21922",2,3,8,8,8,8,8
"R-P21923",2,3,8,8,8,8,8
"R-P21924",2,3,8,8,8,8,8
"R-P21925",3,7,16,21,24,27,28
"R-P21926",3,7,17,22,25,28,29
"R-P21927",3,7,17,22,25,28,29
"R-P21928",2,3,8,8,8,8,8
"R-P21929",3,7,16,21,24,27,28
"R-P21930",3,7,17,22,25,28,29
"S-P33154",4,8,18,23,26,29,30
"T-P18773",4,8,18,23,26,29,30
"T-P18774",1,2,7,7,7,7,7
"T-P18775",4,8,18,23,26,29,30
"T-P18776",4,8,18,23,26,29,30
"T-P18777",4,8,18,23,26,29,30
"T-P18778",4,8,18,23,26,29,30
"T-P18654",3,6,13,15,18,21,22
"T-P18655",3,6,13,15,18,21,22
"T-P18656",4,8,18,23,26,29,30
"T-P18657",3,5,11,11,11,11,11
"T-P18658",3,6,14,17,20,23,24
"T-P18659",4,8,18,23,26,29,30
"U-P08342",3,5,11,11,11,11,11
"U-P08343",4,8,18,23,26,29,30
"U-P08344",3,6,13,16,19,22,23
"U-P08345",4,8,18,23,26,29,30
"U-P08346",4,8,18,23,26,29,30
"U-P08347",4,8,18,23,26,29,30
"U-P08348",3,5,11,12,12,13,14
"U-P06920",3,5,11,11,11,11,11
"U-P06921",3,5,11,12,13,14,15
"U-P06922",4,8,18,23,26,29,30
"U-P06923",4,8,18,23,26,29,30
"U-P06924",3,5,12,13,14,16,17
"U-P06925",4,8,18,23,26,29,30
"U-P06926",4,8,18,23,26,29,30
"U-P06927",3,5,11,11,11,11,11
"U-P06928",3,5,12,13,14,16,17
"U-P06929",3,7,17,22,25,28,29
"U-P06930",3,5,11,12,13,14,15
"U-P06931",3,5,11,12,13,14,15
"U-P06932",4,8,18,23,26,29,30
"U-P06933",3,5,11,11,11,11,11
"U-P06934",3,5,11,11,11,11,11
"U-P06935",3,5,11,11,11,11,11
"U-P06936",3,5,11,11,11,11,11
"R-P21596",3,6,13,16,19,22,23
"R-P21597",4,8,18,23,26,29,30
"T-P18758",3,5,11,12,12,13,13
"T-P18759",3,5,11,11,11,11,11
"T-P18760",4,8,18,23,26,29,30
"T-P18761",4,8,18,23,26,29,30
"T-P18762",3,6,13,15,18,21,22
"T-P18763",4,8,18,23,26,29,30
"T-P18764",3,6,13,15,18,21,22
"T-P18765",4,8,18,23,26,29,30
"T-P18766",4,8,18,23,26,29,30
"T-P18767",3,5,12,13,15,17,18
"T-P18768",4,8,18,23,26,29,30
"T-P18769",4,8,18,23,26,29,30
"T-P18770",3,5,11,11,11,11,11
"T-P18771",4,8,18,23,26,29,30
"T-P18772",3,5,11,12,12,13,13
"U-P07320",3,5,11,11,11,11,11
"U-P07321",3,5,11,11,11,11,11
"U-P07322",3,5,11,12,12,13,13
"U-P07323",3,7,17,22,25,28,29
"U-P07324",4,8,18,23,26,29,30
"S-P28734",3,5,12,14,17,20,21
"S-P28735",3,5,11,11,11,11,11
"S-P28736",1,1,1,1,1,1,1
"T-P10032",3,5,12,14,16,18,19
"T-P10033",3,6,13,15,18,21,22
"T-P10034",3,5,12,14,16,18,19
"T-P10035",3,5,11,11,11,11,11
"T-P10036",3,5,12,14,16,18,19
"T-P10037",3,5,12,13,14,16,17
"T-P10038",3,5,11,11,11,11,11
"T-P10039",3,5,12,13,14,16,17
"T-P10040",3,5,11,11,11,11,11
"T-P10041",3,5,12,13,14,16,17
"T-P10042",3,7,17,22,25,28,29
"T-P10043",3,6,14,17,20,23,24
"T-P10044",3,5,12,13,14,16,17
"T-P10045",3,5,11,11,11,11,11
"T-P10046",3,5,12,13,14,16,17
"T-P10047",3,5,12,13,14,16,17
"Q-P07693",3,6,13,15,18,21,22
"Q-P07694",4,8,18,23,26,29,30
"Q-P07695",4,8,18,23,26,29,30
"Q-P07696",2,3,8,8,8,8,8
"Q-P07697",4,8,18,23,26,29,30
"Q-P07698",4,8,18,23,26,29,30
"Q-P07699",3,7,16,21,24,27,28
"Q-P07700",1,2,5,5,5,5,5
"Q-P07701",2,3,8,8,8,8,8
"R-P01265",4,8,18,23,26,29,30
"R-P01266",4,8,18,23,26,29,30
"R-P01267",4,8,18,23,26,29,30
"R-P01268",4,8,18,23,26,29,30
"R-P01269",3,6,13,15,18,21,22
"R-P01270",4,8,18,23,26,29,30
"R-P01271",4,8,18,23,26,29,30
"R-P01272",4,8,18,23,26,29,30
"R-P01273",3,5,11,11,11,11,11
"T-P18779",4,8,18,23,26,29,30
"T-P18780",4,8,18,23,26,29,30
"T-P18781",4,8,18,23,26,29,30
"T-P18782",4,8,18,23,26,29,30
"T-P18783",4,8,18,23,26,29,30
"T-P18784",3,6,13,16,19,22,23
"R-P24175",1,1,1,1,1,1,1
"R-P24176",3,5,11,12,13,14,15
"R-P24177",3,5,11,12,12,13,14
"R-P24178",3,6,14,18,21,24,25
"R-P24179",3,5,11,12,12,13,13
"R-P24180",3,5,11,11,11,11,11
"R-P24181",3,5,12,13,15,17,18
"R-P24182",3,6,13,15,18,21,22
"R-P24183",3,5,11,12,12,13,14
"R-P24184",3,6,13,15,18,21,22
"R-P24185",1,1,1,1,1,1,1
"R-P24186",2,3,8,8,8,8,8
"T-P20867",4,8,18,23,26,29,30
"T-P20868",4,8,18,23,26,29,30
"T-P20869",4,8,18,23,26,29,30
"T-P20870",4,8,18,23,26,29,30
"T-P20871",4,8,18,23,26,29,30
"T-P20872",3,5,12,13,15,17,18
"T-P20873",4,8,18,23,26,29,30
"R-P28742",3,6,15,20,23,26,27
"R-P28743",3,6,15,20,23,26,27
"R-P28744",3,5,12,13,15,17,18
"R-P28745",3,5,11,12,13,15,16
"R-P28746",1,1,1,1,1,1,1
"R-P28747",1,1,1,1,1,1,1
"R-P28748",3,6,13,15,18,21,22
"R-P28749",3,5,11,11,11,11,11
"R-P28750",3,5,11,11,11,11,11
"R-P28751",2,3,8,8,8,8,8
"R-P28752",3,5,11,11,11,11,11
"R-P28753",4,8,18,23,26,29,30
"R-P28754",4,8,18,23,26,29,30
"R-P28755",4,8,18,23,26,29,30
"R-P28756",4,8,18,23,26,29,30
"R-P28757",4,8,18,23,26,29,30
"R-P28758",4,8,18,23,26,29,30
"R-P28759",3,6,13,15,18,21,22
"T-P24777",1,1,1,1,1,1,1
"T-P18671",3,5,11,12,13,14,15
"T-P18672",3,5,11,12,13,14,15
"T-P18673",3,7,17,22,25,28,29
"T-P18674",3,6,13,15,18,21,22
"T-P18675",3,7,17,22,25,28,29
"T-P18676",3,5,11,11,11,11,11
"T-P18677",3,7,17,22,25,28,29
"T-P18678",3,7,17,22,25,28,29
"T-P03449",3,5,12,13,14,16,17
"T-P03450",1,2,4,4,4,4,4
"T-P03451",3,6,14,17,20,23,24
"T-P03452",3,6,15,19,22,25,26
"T-P03453",1,1,1,1,1,1,1
"T-P20069",3,5,11,11,11,11,11
"T-P20070",3,5,11,12,13,15,16
"T-P20071",3,5,11,11,11,11,11
"T-P20072",3,5,11,11,11,11,11
"T-P20073",3,5,11,11,11,11,11
"T-P20074",3,7,16,21,24,27,28
"Q-P13194",3,6,15,19,22,25,26
"T-P26827",3,5,12,13,14,16,17
"R-P18794",3,5,12,13,15,17,18
"R-P18795",3,7,17,22,25,28,29
"R-P18796",3,5,11,12,12,12,12
"R-P18797",3,7,17,22,25,28,29
"S-P19792",1,1,1,1,1,1,1
"S-P19793",1,1,1,1,1,1,1
"S-P19794",3,6,13,15,18,21,22
"S-P19795",3,5,11,12,12,13,13
"S-P19796",3,7,17,22,25,28,29
"S-P19797",3,5,11,11,11,11,11
"S-P19798",3,5,11,11,11,11,11
"Q-P10728",1,2,3,3,3,3,3
"S-P33508",3,6,13,16,19,22,23
"S-P33509",1,2,4,4,4,4,4
"S-P33510",1,2,4,4,4,4,4
"S-P33511",3,6,13,16,19,22,23
"S-P33512",3,6,14,17,20,23,24
"S-P33513",1,2,4,4,4,4,4
"S-P33514",3,6,14,17,20,23,24
"S-P33515",3,5,12,13,15,17,18
"S-P33516",1,2,4,4,4,4,4
"Q-P10845",3,7,17,22,25,28,29
"Q-P10846",3,7,17,22,25,28,29
"Q-P10847",3,7,17,22,25,28,29
"Q-P10848",3,5,11,12,13,14,15
"Q-P10849",3,7,17,22,25,28,29
"Q-P10850",3,7,17,22,25,28,29
"Q-P10851",3,7,16,21,24,27,28
"Q-P10852",3,5,12,14,16,18,19
"Q-P10853",3,5,12,14,16,18,19
"Q-P10854",3,7,17,22,25,28,29
"Q-P10855",3,7,16,21,24,27,28
"U-P08250",3,5,11,12,12,13,13
"U-P08251",3,7,17,22,25,28,29
"U-P08252",3,7,17,22,25,28,29
"U-P08253",3,7,17,22,25,28,29
"U-P08254",3,7,17,22,25,28,29
"U-P08255",2,3,8,8,8,8,8
"U-P08256",2,3,8,8,8,8,8
"U-P08257",1,1,1,1,1,1,1
"U-P08258",2,3,8,8,8,8,8
"U-P08259",4,8,18,23,26,29,30
"U-P08260",2,3,8,8,8,8,8
"Q-P11322",1,2,3,3,3,3,3
"U-P08025",4,8,18,23,26,29,30
"Q-P10836",1,2,6,6,6,6,6
"Q-P10837",3,5,11,12,12,12,12
"Q-P10838",1,2,6,6,6,6,6
"Q-P10839",3,5,11,12,12,12,12
"Q-P10840",3,5,11,11,11,11,11
"Q-P10841",3,5,12,14,16,18,19
"Q-P10842",3,5,12,14,16,18,19
"Q-P10843",1,1,1,1,1,1,1
"Q-P10844",3,5,11,11,11,11,11
"S-P15758",3,5,11,11,11,11,11
"S-P15759",3,6,13,16,19,22,23
"S-P15760",3,5,11,11,11,11,11
"S-P15761",3,6,13,16,19,22,23
"S-P15762",4,8,18,23,26,29,30
"S-P15763",3,5,11,12,13,14,15
"S-P15764",3,5,11,11,11,11,11
"Q-P11900",3,6,14,17,20,23,24
"Q-P10700",1,1,1,1,1,1,1
"Q-P10701",1,1,1,1,1,1,1
"Q-P10702",3,5,12,13,14,16,17
"Q-P10703",3,5,11,11,11,11,11
"Q-P10704",1,2,6,6,6,6,6
"Q-P14127",3,5,11,11,11,11,11
"Q-P14128",3,5,12,13,15,17,18
"Q-P14129",3,5,12,14,16,18,19
"Q-P14130",3,5,11,12,13,14,15
"Q-P14131",3,5,11,11,11,11,11
"Q-P14132",3,5,12,14,16,18,19
"Q-P14133",3,5,12,14,16,18,19
"Q-P14134",3,5,11,12,12,13,13
"Q-P14135",3,5,12,14,16,18,19
"Q-P14136",3,5,11,12,12,13,13
"Q-P14137",3,5,12,14,16,18,19
"Q-P14138",3,5,11,11,11,11,11
"Q-P14139",3,5,12,14,16,18,19
"Q-P14140",3,5,11,11,11,11,11
"Q-P14141",3,6,14,17,20,23,24
"Q-P14142",3,5,12,14,16,18,19
"S-P33063",1,1,1,1,1,1,1
"S-P33064",3,5,11,12,12,13,13
"S-P33065",3,5,12,13,14,16,17
"T-P29191",3,5,11,11,11,11,11
"T-P29192",3,5,12,14,17,20,21
"T-P29193",3,6,14,17,20,23,24
"T-P29194",3,5,11,12,12,13,13
"T-P29195",3,5,12,13,14,16,17
"T-P29196",3,5,11,11,11,11,11
"T-P29197",3,5,12,13,14,16,17
"T-P29198",3,5,12,13,15,17,18
"T-P29199",1,2,4,4,4,4,4
"T-P29200",3,6,13,15,18,21,22
"T-P29201",3,5,11,11,11,11,11
"T-P29202",4,8,18,23,26,29,30
"T-P29203",3,5,12,14,17,20,21
"T-P29204",3,5,11,11,11,11,11
"U-P12180",3,6,15,19,22,25,26
"U-P12181",3,6,15,20,23,26,27
"U-P12182",3,5,12,14,17,19,20
"U-P12183",1,1,1,1,1,1,1
"U-P12184",3,6,13,16,19,22,23
"U-P12185",1,1,1,1,1,1,1
"U-P12186",3,6,13,16,19,22,23
"U-P12187",1,1,1,1,1,1,1
"U-P12188",1,2,3,3,3,3,3
"U-P12189",1,1,2,2,2,2,2
"U-P12190",1,1,1,1,1,1,1
"U-P12191",1,1,2,2,2,2,2
"U-P12192",3,6,13,16,19,22,23
"U-P12193",3,6,13,15,18,21,22
"Q-P13580",3,7,17,22,25,28,29
"Q-P13581",3,7,17,22,25,28,29
"Q-P13582",3,6,15,19,22,25,26
"Q-P13583",3,5,12,14,17,20,21
"Q-P13584",3,5,11,11,11,11,11
"Q-P13585",3,6,13,16,19,22,23
"T-P29205",3,6,13,16,19,22,23
"T-P29206",3,5,12,13,14,16,17
"T-P29207",3,5,11,11,11,11,11
"T-P29208",3,6,14,17,20,23,24
"T-P29209",1,1,1,1,1,1,1
"T-P29210",3,5,12,13,15,17,18
"T-P29211",3,5,12,13,15,17,18
"T-P29212",3,5,11,11,11,11,11
"T-P29213",3,6,13,16,19,22,23
"T-P29214",3,6,13,15,18,21,22
"T-P29215",1,2,4,4,4,4,4
"T-P29216",3,7,17,22,25,28,29
"T-P29217",4,8,18,23,26,29,30
"T-P29218",4,8,18,23,26,29,30
"S-P19782",3,7,17,22,25,28,29
"S-P19783",3,5,11,12,12,13,13
"S-P19784",3,6,13,15,18,21,22
"S-P19785",1,2,5,5,5,5,5
"S-P19786",3,6,13,15,18,21,22
"S-P19787",3,5,12,13,15,17,18
"S-P19788",3,6,13,16,19,22,23
"S-P19789",3,5,12,13,15,17,18
"S-P19790",3,5,12,13,15,17,18
"S-P19791",3,7,16,21,24,27,28
"Q-P11503",1,2,3,3,3,3,3
"P-P09701",3,6,13,16,19,22,23
"P-P09702",3,5,11,11,11,11,11
"P-P09703",3,5,11,12,12,12,12
"P-P09704",3,5,11,11,11,11,11
"P-P09705",3,5,11,12,12,12,12
"P-P09706",3,5,11,11,11,11,11
"P-P09707",3,5,11,11,11,11,11
"P-P09708",3,5,11,11,11,11,11
"P-P09709",1,2,6,6,6,6,6
"P-P09710",3,5,11,12,12,12,12
"P-P09711",4,8,18,23,26,29,30
"P-P09712",4,8,18,23,26,29,30
"P-P09713",4,8,18,23,26,29,30
"P-P09714",3,5,11,11,11,11,11
"P-P09715",4,8,18,23,26,29,30
"P-P09716",4,8,18,23,26,29,30
"P-P09717",3,5,11,12,12,12,12
"R-P18828",3,6,13,15,18,21,22
"R-P18829",1,1,1,1,1,1,1
"R-P18830",1,1,2,2,2,2,2
"R-P18831",1,1,2,2,2,2,2
"R-P18832",3,5,11,12,12,13,13
"R-P18833",3,5,11,12,12,13,13
"R-P18834",2,4,10,10,10,10,10
"R-P18835",3,7,17,22,25,28,29
"R-P18836",2,3,8,8,8,8,8
"T-P34602",3,7,17,22,25,28,29
"T-P34603",2,3,8,8,8,8,8
"T-P34604",3,7,17,22,25,28,29
"T-P34605",3,5,11,11,11,11,11
"T-P34606",3,5,12,13,15,17,18
"T-P34607",3,5,11,12,12,13,13
"T-P34608",3,7,16,21,24,27,28
"T-P34609",3,7,17,22,25,28,29
"T-P34610",3,7,17,22,25,28,29
"T-P34611",3,5,11,11,11,11,11
"T-P34612",3,5,11,12,12,13,13
"T-P34613",3,6,13,15,18,21,22
"T-P34614",3,5,11,12,13,14,15
"T-P34615",3,5,11,11,11,11,11
"T-P34616",3,5,11,11,11,11,11
"T-P34617",3,5,11,12,12,13,13
"T-P34618",3,5,12,14,17,20,21
"P-P12523",4,8,18,23,26,29,30
"R-P08317",1,1,1,1,1,1,1
"R-P08318",1,2,6,6,6,6,6
"R-P08319",3,7,17,22,25,28,29
"R-P08320",1,1,2,2,2,2,2
"R-P08321",3,7,17,22,25,28,29
"R-P08322",1,1,1,1,1,1,1
"R-P08323",3,5,11,11,11,11,11
"R-P08324",1,2,6,6,6,6,6
"R-P08325",3,5,11,11,11,11,11
"P-P09718",3,5,11,11,11,11,11
"P-P09719",3,5,12,14,16,18,19
"P-P09720",3,5,12,14,17,20,21
"P-P09721",3,5,11,11,11,11,11
"P-P09722",3,5,11,11,11,11,11
"P-P09723",3,5,11,11,11,11,11
"P-P09724",3,5,12,13,14,16,17
"P-P09725",4,8,18,23,26,29,30
"U-P01092",1,1,1,1,1,1,1
"U-P01093",3,6,15,20,23,26,27
"U-P01094",3,6,15,20,23,26,27
"U-P01095",3,6,13,15,18,21,22
"U-P01096",1,1,1,1,1,1,1
"U-P01097",3,6,13,15,18,21,22
"U-P01098",3,5,12,13,15,17,18
"U-P08930",4,8,18,23,26,29,30
"U-P08931",4,8,18,23,26,29,30
"U-P08932",4,8,18,23,26,29,30
"U-P08933",4,8,18,23,26,29,30
"U-P08934",3,5,11,11,11,11,11
"U-P08935",4,8,18,23,26,29,30
"U-P08936",4,8,18,23,26,29,30
"U-P08937",4,8,18,23,26,29,30
"U-P08938",4,8,18,23,26,29,30
"U-P09410",3,5,11,11,11,11,11
"U-P09411",4,8,18,23,26,29,30
"U-P09412",3,7,17,22,25,28,29
"U-P09413",3,5,11,12,12,13,13
"Q-P03225",3,5,12,13,15,17,18
"Q-P03226",3,5,12,14,17,20,21
"Q-P03250",3,5,11,11,11,11,11
"Q-P03251",4,8,18,23,26,29,30
"Q-P03252",3,5,11,11,11,11,11
"Q-P03253",3,5,11,12,12,13,13
"Q-P03254",3,5,11,12,12,13,13
"Q-P03255",3,5,11,12,12,13,13
"Q-P03256",3,5,11,12,12,13,13
"Q-P03257",3,5,11,11,11,11,11
"Q-P03258",3,7,16,21,24,27,28
"Q-P03259",3,5,11,11,11,11,11
"Q-P03260",3,5,11,12,12,13,14
"P-P05300",3,6,15,20,23,26,27
"P-P05301",3,6,13,15,18,21,22
"P-P05302",3,6,15,20,23,26,27
"S-P06426",1,1,1,1,1,1,1
"S-P06427",1,1,1,1,1,1,1
"S-P06428",1,1,1,1,1,1,1
"S-P06429",1,1,1,1,1,1,1
"S-P06430",3,5,11,12,12,13,13
"S-P06431",3,5,11,12,12,13,13
"S-P06432",3,5,11,12,12,13,14
"S-P06433",3,6,13,16,19,22,23
"S-P06434",3,5,12,13,14,16,17
"S-P06435",3,7,17,22,25,28,29
"S-P06436",3,5,11,12,13,14,15
"S-P06437",3,5,11,12,13,14,15
"S-P06438",3,5,11,11,11,11,11
"S-P06439",3,5,11,12,12,13,13
"S-P06440",3,5,11,11,11,11,11
"S-P06441",3,7,17,22,25,28,29
"S-P06442",4,8,18,23,26,29,30
"S-P06443",3,5,11,12,12,13,14
"S-P06444",3,6,13,16,19,22,23
"S-P06445",3,5,11,11,11,11,11
"S-P06446",3,5,11,11,11,11,11
"S-P06447",3,5,11,11,11,11,11
"S-P06448",3,5,12,13,15,17,18
"S-P25476",3,7,17,22,25,28,29
"S-P25477",3,5,11,12,13,14,15
"S-P25478",3,5,11,12,12,13,14
"U-P14009",3,6,15,19,22,25,26
"U-P14010",3,6,14,17,20,23,24
"U-P14011",3,5,12,14,17,20,21
"U-P14012",3,5,11,12,12,12,12
"U-P14013",3,7,17,22,25,28,29
"U-P14014",3,5,12,14,17,20,21
"U-P14015",3,5,12,13,14,16,17
"U-P14016",3,6,14,18,21,24,25
"U-P14017",3,5,11,12,12,13,13
"U-P14018",3,5,11,11,11,11,11
"U-P14019",3,5,11,12,12,12,12
"U-P14020",3,5,11,12,13,14,15
"R-P06376",2,3,8,8,8,8,8
"R-P06377",3,7,16,21,24,27,28
"R-P06378",3,7,17,22,25,28,29
"R-P06379",3,7,17,22,25,28,29
"T-P14403",3,7,17,22,25,28,29
"T-P14404",3,7,17,22,25,28,29
"T-P14405",3,5,11,12,13,14,15
"T-P14406",3,7,16,21,24,27,28
"T-P14407",3,5,12,13,15,17,18
"T-P14408",3,7,17,22,25,28,29
"T-P14409",3,5,11,11,11,11,11
"T-P14410",3,6,13,15,18,21,22
"T-P14411",3,5,11,12,13,14,15
"T-P14412",3,7,17,22,25,28,29
"T-P14413",3,5,11,12,13,14,15
"T-P14414",3,7,17,22,25,28,29
"T-P14415",3,5,11,12,13,14,15
"S-P25479",3,7,17,22,25,28,29
"S-P25480",3,7,17,22,25,28,29
"S-P25481",4,8,18,23,26,29,30
"S-P25482",3,5,11,12,12,13,13
"T-P30413",2,3,8,8,8,8,8
"T-P30414",1,1,2,2,2,2,2
"T-P30415",4,8,18,23,26,29,30
"R-P26372",3,5,12,13,14,16,17
"R-P26373",3,5,11,11,11,11,11
"R-P26374",3,5,11,11,11,11,11
"R-P26375",3,5,11,11,11,11,11
"R-P26376",4,8,18,23,26,29,30
"R-P26377",3,7,17,22,25,28,29
"R-P26378",3,5,12,14,16,18,19
"R-P26379",3,5,12,13,15,17,18
"R-P26380",3,5,11,12,12,13,14
"R-P09033",2,4,9,9,9,9,9
"R-P09034",2,3,8,8,8,8,8
"R-P09035",3,7,17,22,25,28,29
"R-P09036",3,6,13,15,18,21,22
"R-P09037",3,5,11,11,11,11,11
"R-P09038",3,5,11,11,11,11,11
"R-P09039",3,5,11,11,11,11,11
"R-P09040",3,5,12,13,15,17,18
"R-P09041",3,6,13,16,19,22,23
"R-P09042",3,7,16,21,24,27,28
"R-P09043",3,6,13,15,18,21,22
"R-P09044",3,6,15,20,23,26,27
"R-P09045",3,5,11,12,12,13,13
"T-P12768",3,6,14,17,20,23,24
"T-P12769",4,8,18,23,26,29,30
"T-P12770",1,2,3,3,3,3,3
"T-P12771",4,8,18,23,26,29,30
"T-P12772",4,8,18,23,26,29,30
"T-P12773",4,8,18,23,26,29,30
"T-P12774",3,6,15,19,22,25,26
"T-P12775",3,5,11,12,12,13,13
"T-P12776",3,6,15,20,23,26,27
"T-P12777",3,6,14,17,20,23,24
"T-P12778",3,6,13,16,19,22,23
"T-P12779",4,8,18,23,26,29,30
"T-P12780",4,8,18,23,26,29,30
"U-P05327",3,6,15,20,23,26,27
"U-P05328",3,5,12,14,17,20,21
"U-P05329",3,6,13,16,19,22,23
"U-P05330",3,5,12,14,17,20,21
"U-P05331",3,5,11,11,11,11,11
"U-P05332",3,5,11,12,12,12,12
"T-P33658",3,5,11,12,12,13,13
"T-P33659",3,5,12,13,14,16,17
"T-P33660",3,7,17,22,25,28,29
"T-P33661",3,5,11,11,11,11,11
"T-P33662",3,7,17,22,25,28,29
"T-P33663",2,3,8,8,8,8,8
"T-P33664",3,5,11,12,12,13,13
"T-P33665",3,5,12,13,15,17,18
"T-P33666",3,5,11,12,12,13,13
"T-P33667",3,5,11,12,12,13,14
"T-P33668",3,7,17,22,25,28,29
"T-P33669",3,5,11,12,12,13,14
"T-P33670",3,5,11,12,12,13,13
"T-P33671",3,5,12,14,16,18,19
"T-P33672",3,5,11,11,11,11,11
"T-P33673",3,5,11,12,12,13,14
"T-P30416",3,5,12,14,17,20,21
"T-P30417",4,8,18,23,26,29,30
"T-P30418",2,3,8,8,8,8,8
"T-P30419",4,8,18,23,26,29,30
"S-P15765",3,5,12,13,14,16,17
"S-P15766",3,5,12,14,17,20,21
"S-P15767",3,7,17,22,25,28,29
"T-P08909",3,5,11,11,11,11,11
"T-P08910",3,5,11,11,11,11,11
"T-P08911",3,5,11,11,11,11,11
"T-P08912",3,5,11,11,11,11,11
"T-P08913",2,3,8,8,8,8,8
"T-P08914",2,3,8,8,8,8,8
"T-P08915",4,8,18,23,26,29,30
"T-P08916",3,5,12,13,15,17,18
"T-P08917",2,3,8,8,8,8,8
"T-P08918",3,6,15,20,23,26,27
"T-P09614",3,6,13,15,18,21,22
"T-P09615",4,8,18,23,26,29,30
"T-P09616",4,8,18,23,26,29,30
"T-P09617",4,8,18,23,26,29,30
"T-P09618",4,8,18,23,26,29,30
"T-P09619",4,8,18,23,26,29,30
"T-P09620",4,8,18,23,26,29,30
"S-P17099",3,7,17,22,25,28,29
"S-P17100",3,7,17,22,25,28,29
"S-P17101",3,5,11,11,11,11,11
"S-P17102",3,7,17,22,25,28,29
"S-P17103",3,7,17,22,25,28,29
"S-P17104",3,7,17,22,25,28,29
"S-P17105",3,7,17,22,25,28,29
"S-P17106",3,7,17,22,25,28,29
"S-P17107",3,7,17,22,25,28,29
"S-P17108",3,5,11,11,11,11,11
"S-P17109",3,5,12,13,14,16,17
"S-P17110",1,1,1,1,1,1,1
"S-P17111",1,2,6,6,6,6,6
"S-P17112",3,7,17,22,25,28,29
"S-P17113",3,5,11,11,11,11,11
"S-P17114",3,5,12,13,14,16,17
"S-P17115",3,5,12,14,16,18,19
"S-P17116",3,7,17,22,25,28,29
"S-P17117",3,5,12,14,17,20,21
"S-P17118",3,7,17,22,25,28,29
"S-P17119",3,7,17,22,25,28,29
"S-P17120",3,7,17,22,25,28,29
"S-P17121",3,5,12,14,16,18,19
"S-P17122",3,7,17,22,25,28,29
"S-P17123",3,5,12,13,14,16,17
"S-P17124",3,7,17,22,25,28,29
"S-P17125",3,7,17,22,25,28,29
"S-P17126",3,7,17,22,25,28,29
"S-P17127",3,7,16,21,24,27,28
"S-P17128",3,7,17,22,25,28,29
"S-P17129",3,5,12,14,16,18,19
"S-P21175",3,7,17,22,25,28,29
"S-P21176",3,7,16,21,24,27,28
"S-P21177",3,5,11,12,12,13,13
"S-P21178",3,7,17,22,25,28,29
"S-P21179",3,5,12,13,14,16,17
"S-P21180",3,5,12,13,14,16,17
"S-P21181",3,7,17,22,25,28,29
"S-P17147",3,5,12,13,14,16,17
"S-P17148",3,7,17,22,25,28,29
"S-P17149",3,5,12,13,15,17,18
"S-P15592",4,8,18,23,26,29,30
"S-P15593",4,8,18,23,26,29,30
"S-P15594",4,8,18,23,26,29,30
"S-P15595",3,5,12,14,17,20,21
"S-P15596",4,8,18,23,26,29,30
"S-P15597",4,8,18,23,26,29,30
"S-P15598",4,8,18,23,26,29,30
"S-P15599",4,8,18,23,26,29,30
"S-P15600",3,6,15,19,22,25,26
"S-P15601",4,8,18,23,26,29,30
"S-P15602",1,1,1,1,1,1,1
"S-P15603",3,6,13,15,18,21,22
"T-P30365",2,4,9,9,9,9,9
"T-P30366",4,8,18,23,26,29,30
"T-P30367",4,8,18,23,26,29,30
"T-P30368",4,8,18,23,26,29,30
"T-P30369",3,5,11,12,13,14,15
"T-P30370",4,8,18,23,26,29,30
"U-P05369",3,6,15,20,23,26,27
"U-P05370",3,6,15,20,23,26,27
"U-P05371",3,5,12,14,17,20,21
"U-P05372",3,5,12,14,17,20,21
"U-P05373",3,6,15,19,22,25,26
"U-P05374",3,6,15,19,22,25,26
"U-P05375",3,6,15,20,23,26,27
"U-P05376",3,6,15,19,22,25,26
"U-P05377",3,6,15,19,22,25,26
"U-P05378",3,6,15,20,23,26,27
"U-P05379",3,6,15,19,22,25,26
"T-P08924",3,5,12,13,15,17,18
"T-P08925",3,5,11,11,11,11,11
"T-P08926",3,5,11,11,11,11,11
"T-P08927",4,8,18,23,26,29,30
"T-P08928",2,3,8,8,8,8,8
"T-P18701",3,5,12,14,17,20,21
"T-P18702",1,1,1,1,1,1,1
"T-P18703",3,5,11,11,11,11,11
"T-P18704",1,1,1,1,1,1,1
"T-P18705",3,5,11,11,11,11,11
"T-P18706",1,2,6,6,6,6,6
"T-P18707",3,5,11,11,11,11,11
"T-P05605",3,6,14,17,20,23,24
"T-P05606",3,6,14,17,20,23,24
"T-P05607",1,2,3,3,3,3,3
"T-P05608",1,2,5,5,5,5,5
"T-P05609",1,2,3,3,3,3,3
"T-P05610",3,6,14,17,20,23,24
"T-P05611",1,2,3,3,3,3,3
"T-P05612",3,6,13,15,18,21,22
"T-P05613",3,6,14,17,20,23,24
"T-P05614",3,6,14,17,20,23,24
"T-P05615",3,5,11,12,12,12,12
"T-P05616",1,1,1,1,1,1,1
"T-P05617",3,6,14,17,20,23,24
"T-P05618",3,6,14,17,20,23,24
"T-P05619",1,2,4,4,4,4,4
"T-P05620",1,2,6,6,6,6,6
"T-P05621",3,5,11,12,12,12,12
"T-P05622",3,6,14,17,20,23,24
"T-P05623",3,6,13,15,18,21,22
"T-P05624",3,6,14,17,20,23,24
"T-P05625",3,6,13,15,18,21,22
"T-P05626",3,5,11,12,12,13,14
"T-P05627",1,2,3,3,3,3,3
"T-P05628",3,6,14,17,20,23,24
"T-P05629",3,5,11,11,11,11,11
"T-P05630",3,6,14,17,20,23,24
"T-P34030",3,5,11,11,11,11,11
"T-P34031",3,6,14,18,21,24,25
"T-P34032",4,8,18,23,26,29,30
"T-P34033",3,5,11,11,11,11,11
"T-P34034",4,8,18,23,26,29,30
"T-P26607",3,5,11,11,11,11,11
"T-P26608",3,5,11,11,11,11,11
"T-P26609",3,6,13,15,18,21,22
"T-P26610",3,5,11,12,12,13,14
"T-P26611",3,5,11,12,12,12,12
"T-P26612",3,5,11,11,11,11,11
"T-P26613",3,5,11,11,11,11,11
"T-P26614",3,5,12,13,15,17,18
"T-P26615",3,5,11,11,11,11,11
"Q-P08925",3,5,12,14,17,20,21
"Q-P08926",3,5,12,14,17,20,21
"Q-P08927",3,6,15,20,23,26,27
"Q-P08928",3,5,11,12,12,13,13
"Q-P08929",3,5,11,12,12,13,13
"Q-P08930",3,6,15,20,23,26,27
"T-P18718",3,5,11,12,13,15,16
"T-P18719",3,7,17,22,25,28,29
"T-P18720",3,5,11,12,12,13,13
"T-P18721",3,5,11,12,13,14,15
"T-P18722",1,1,1,1,1,1,1
"T-P18723",1,1,1,1,1,1,1
"T-P18724",3,5,11,11,11,11,11
"T-P18725",1,2,4,4,4,4,4
"T-P18726",1,1,1,1,1,1,1
"T-P18727",3,7,17,22,25,28,29
"S-P15604",4,8,18,23,26,29,30
"S-P15605",4,8,18,23,26,29,30
"S-P15606",4,8,18,23,26,29,30
"S-P15607",4,8,18,23,26,29,30
"S-P15608",3,5,11,11,11,11,11
"S-P15609",3,6,13,15,18,21,22
"S-P15610",4,8,18,23,26,29,30
"S-P15611",4,8,18,23,26,29,30
"S-P15612",4,8,18,23,26,29,30
"S-P15613",1,2,6,6,6,6,6
"S-P15614",4,8,18,23,26,29,30
"S-P15615",4,8,18,23,26,29,30
"S-P15616",4,8,18,23,26,29,30
"S-P15617",4,8,18,23,26,29,30
"S-P15618",3,6,13,15,18,21,22
"S-P15619",4,8,18,23,26,29,30
"S-P15620",3,6,14,17,20,23,24
"T-P34641",3,6,13,15,18,21,22
"T-P34642",3,5,11,12,12,13,14
"T-P34643",3,6,13,15,18,21,22
"T-P34644",3,5,11,12,12,13,13
"T-P34645",3,5,11,11,11,11,11
"T-P34646",3,6,13,15,18,21,22
"T-P34647",3,7,17,22,25,28,29
"T-P34648",2,3,8,8,8,8,8
"R-P08080",3,5,12,13,15,17,18
"R-P08081",4,8,18,23,26,29,30
"R-P08082",4,8,18,23,26,29,30
"R-P08083",2,3,8,8,8,8,8
"R-P08084",4,8,18,23,26,29,30
"R-P08085",4,8,18,23,26,29,30
"R-P08086",4,8,18,23,26,29,30
"R-P08087",4,8,18,23,26,29,30
"R-P08088",4,8,18,23,26,29,30
"S-P18543",3,6,13,15,18,21,22
"T-P10499",3,6,14,17,20,23,24
"T-P10500",1,1,1,1,1,1,1
"T-P10501",3,5,12,13,15,17,18
"T-P10502",1,1,1,1,1,1,1
"T-P10503",1,1,1,1,1,1,1
"T-P18708",3,5,11,12,13,15,16
"T-P18709",3,7,17,22,25,28,29
"T-P18710",3,5,11,12,13,15,16
"T-P18711",1,2,7,7,7,7,7
"T-P18712",1,2,7,7,7,7,7
"T-P18713",3,5,11,12,13,15,16
"T-P18714",3,7,17,22,25,28,29
"T-P18715",3,7,17,22,25,28,29
"T-P18716",3,7,17,22,25,28,29
"T-P18717",3,5,12,13,14,16,17
"R-P09000",3,5,11,12,12,13,13
"R-P09001",4,8,18,23,26,29,30
"R-P09002",3,7,17,22,25,28,29
"R-P09003",3,5,11,12,12,13,13
"R-P09004",3,5,12,13,15,17,18
"R-P09005",1,1,1,1,1,1,1
"R-P09006",3,5,11,12,12,13,13
"R-P09007",3,5,11,12,12,13,14
"R-P09008",4,8,18,23,26,29,30
"R-P09009",1,1,1,1,1,1,1
"R-P09010",1,2,5,5,5,5,5
"R-P09011",3,5,11,12,12,13,13
"R-P09012",3,5,11,12,13,14,15
"R-P01215",4,8,18,23,26,29,30
"R-P01216",3,5,12,14,17,20,21
"R-P01217",3,6,15,19,22,25,26
"R-P01218",4,8,18,23,26,29,30
"R-P01219",4,8,18,23,26,29,30
"R-P01220",4,8,18,23,26,29,30
"R-P01221",4,8,18,23,26,29,30
"T-P08939",3,5,11,11,11,11,11
"T-P08940",4,8,18,23,26,29,30
"T-P08941",4,8,18,23,26,29,30
"T-P08942",3,5,11,11,11,11,11
"T-P08943",4,8,18,23,26,29,30
"T-P08944",4,8,18,23,26,29,30
"T-P08945",3,5,11,12,12,13,14
"T-P08946",3,5,11,11,11,11,11
"T-P08947",4,8,18,23,26,29,30
"T-P08948",3,5,12,13,15,17,18
"T-P08949",4,8,18,23,26,29,30
"T-P14072",3,5,11,12,12,13,13
"T-P14073",3,6,13,15,18,21,22
"T-P14074",3,5,11,11,11,11,11
"T-P14075",3,6,15,19,22,25,26
"T-P14076",3,5,11,11,11,11,11
"T-P14077",3,7,16,21,24,27,28
"T-P14078",4,8,18,23,26,29,30
"T-P14079",3,5,11,12,12,13,13
"T-P14080",3,6,13,15,18,21,22
"T-P14081",3,6,14,17,20,23,24
"S-P21441",3,5,11,11,11,11,11
"S-P21442",3,7,17,22,25,28,29
"S-P21443",3,7,17,22,25,28,29
"S-P21444",3,5,12,13,15,17,18
"S-P21445",3,5,11,11,11,11,11
"S-P21446",3,7,17,22,25,28,29
"S-P21447",3,5,12,13,15,17,18
"S-P21448",3,7,17,22,25,28,29
"S-P21449",3,5,12,13,15,17,18
"S-P21450",3,5,11,12,13,14,15
"S-P21451",3,5,11,12,13,14,15
"T-P33727",3,5,11,11,11,11,11
"T-P33728",3,5,11,11,11,11,11
"T-P33729",3,5,12,14,17,20,21
"T-P33730",2,3,8,8,8,8,8
"T-P33731",3,7,17,22,25,28,29
"T-P33732",3,5,11,12,12,13,14
"T-P33733",3,5,11,12,12,13,13
"T-P33734",3,5,11,12,13,14,15
"T-P33735",2,3,8,8,8,8,8
"T-P33736",2,3,8,8,8,8,8
"T-P33737",3,5,11,12,12,13,13
"T-P33738",3,7,17,22,25,28,29
"T-P33739",3,5,12,13,15,17,18
"T-P33740",3,5,11,12,12,13,13
"T-P33741",3,5,11,11,11,11,11
"S-P15768",3,5,12,14,17,19,20
"S-P15769",3,5,12,14,17,20,21
"S-P15770",3,5,11,11,11,11,11
"S-P15771",3,6,13,16,19,22,23
"S-P15772",3,5,11,11,11,11,11
"S-P15773",3,5,11,11,11,11,11
"S-P15774",4,8,18,23,26,29,30
"T-P23802",2,4,9,9,9,9,9
"T-P23803",2,3,8,8,8,8,8
"T-P23804",3,7,17,22,25,28,29
"T-P23805",3,7,16,21,24,27,28
